{
	"show_which":{
		"phone":1,
		"sound":0,
		"import":1,
		"write":1
	},
	"show_which1":{
		"budget":1,
		"chart":1,
		"bill":1
	},
	"account":{
		"home":0,
		"life":0,
		"company":0
	},
	"add_account_book":{
		"item1":{
			"name":"",
			"show":1,
			"value":0
		},
		"item2":{
			"name":"",
			"show":1,
			"value":0
		},
		"item3":{
			"name":"",
			"show":1,
			"value":0
		},
		"item4":{
			"name":"",
			"show":1,
			"value":0
		},
		"item5":{
			"name":"",
			"show":1,
			"value":0
		}
	}
}