{
	"pages": [
		{
			"path": "pages/tabbar/account_book/account_book",
			"style": {}
		},
		{
			"path": "pages/tabbar/budget/budget",
			"style": {
				"navigationStyle": "false"
			}
		},
		{
			"path": "pages/tabbar/chart/chart",
			"style": {}
		},
		{
			"path": "pages/tabbar/bill/bill",
			"style": {}
		},
		{
			"path": "pages/tabbar/mine/mine",
			"style": {}
		},
		{
			"path": "pages/Login/Login",
			"style": {
				"navigationStyle": "false"
			}
		},
		{
			"path": "pages/tabbar-detial/tabbar-detial-import/tabbar-detial-import",
			"style": {
				"navigationStyle": "custom"
			}
		},
		{
			"path": "pages/tabbar-detial/tabbar-detial-photo/tabbar-detial-photo",
			"style": {
				"navigationStyle": "custom",
				"app-plus": {
						"animationType": "pop-in",
						"animationDuration": 300
					}
			}
		},
		{
			"path": "pages/tabbar-detial/tabbar-detial-writeBill/tabbar-detial-writeBill",
			"style": {
				"navigationStyle": "custom",
				"app-plus": {
						"animationType": "pop-in",
						"animationDuration": 300
					}
			}
		},

		
		{
			"path": "pages/tabbar/mine/achivement/achivement",
			"style": {
				"navigationStyle": "custom",
				"app-plus": {
						"animationType": "pop-in",
						"animationDuration": 300
					}
			}
		},
		{
			"path": "pages/tabbar/mine/integral/integral",
			"style": {
				"navigationStyle": "custom",
				"app-plus": {
						"animationType": "pop-in",
						"animationDuration": 300
					}
			}
		}, {
			"path": "pages/tabbar/mine/shop/shop",
			"style": {
				"navigationStyle": "custom",
				"app-plus": {
						"animationType": "pop-in",
						"animationDuration": 300
					}
			}
		}, {
			"path": "pages/tabbar-detial/tabbar-detial-writeBill/tabbar-detial-writeBill",
			"style": {
				"navigationStyle": "custom",
				"app-plus": {
						"animationType": "pop-in",
						"animationDuration": 300
					}
			}
		}, {
			"path": "pages/tabbar/account_book/account_book_calendar/account_book_calendar",
			"style": {
				"navigationStyle": "custom",
				"app-plus": {
						"animationType": "pop-in",
						"animationDuration": 300
					}
			}

		},
		{
			"path": "pages/tabbar/mine/account_book/account_book",
			"style": {
				"navigationStyle": "custom",
				"app-plus": {
						"animationType": "pop-in",
						"animationDuration": 300
					}
			}
		},
		{
			"path": "pages/tabbar/bill/bill-month/bill-month",
			"style": {
				"navigationStyle": "custom",
				"app-plus": {
						"animationType": "pop-in",
						"animationDuration": 300
					}
			}
		},
		{
			"path": "pages/tabbar/mine/remind/remind",
			"style": {
				"navigationStyle": "custom",
				"app-plus": {
						"animationType": "pop-in",
						"animationDuration": 300
					},
				"navigationBarTitleText": "",
				"enablePullDownRefresh": false
			}

		}
		,
		{
			"path": "pages/tabbar/mine/information/information",
			"style": {
				"navigationStyle": "custom",
				"app-plus": {
						"animationType": "pop-in",
						"animationDuration": 300
					}
			}
		},
		{
			"path": "pages/tabbar/mine/set_font/set_font",
			"style": {
				"navigationStyle": "custom",
				"app-plus": {
						"animationType": "pop-in",
						"animationDuration": 300
					}
			}
		}
	],
	"easycom": {
			"autoscan": true,
			"custom": {
				"tui-(.*)": "thorui-uni/lib/thorui/tui-$1/tui-$1.vue"
			}
	},
	"globalStyle": {
		"navigationBarTextStyle": "white",
		"navigationBarBackgroundColor": "#F4F4F4",
		"backgroundColor": "#F4F4F4"
	},

	"tabBar": {
		"borderStyle": "white",
		"backgroundColor": "#FFF",
		"color": "#666666",
		"selectedColor": "#3579E8",
		"iconWidth": "20px",
		"list": [{
				"pagePath": "pages/tabbar/account_book/account_book",
				"iconPath": "/static/img/tabbar/account.png",
				"selectedIconPath": "/static/img/tabbar/accountacitve.png",
				"text": "账本"
			},
			{
				"pagePath": "pages/tabbar/budget/budget",
				"iconPath": "/static/img/tabbar/budge.png",
				"selectedIconPath": "/static/img/tabbar/budgetactive.png",
				"text": "预算"
			},
			{
				"pagePath": "pages/tabbar/chart/chart",
				"iconPath": "/static/img/tabbar/chart.png",
				"selectedIconPath": "/static/img/tabbar/chartactivek.png",
				"text": "统计"
			},
			{
				"pagePath": "pages/tabbar/bill/bill",
				"iconPath": "/static/img/tabbar/bill.png",
				"selectedIconPath": "/static/img/tabbar/billactive.png",
				"text": "账单"
			},
			{
				"pagePath": "pages/tabbar/mine/mine",
				"iconPath": "/static/img/tabbar/mine.png",
				"selectedIconPath": "/static/img/tabbar/mineactive.png",
				"text": "我"
			}
		]
	}
}
